Application,ProcessID,SwapChainAddress,Runtime,SyncInterval,PresentFlags,AllowsTearing,PresentMode,WasBatched,DwmNotified,Dropped,TimeInSeconds,MsBetweenPresents,MsBetweenDisplayChange,MsInPresentAPI,MsUntilRenderComplete,MsUntilDisplayed
TrivFlip12.exe,23816,0x00000274F86D4280,DXGI,1,0,0,Composed: Flip,0,1,0,6.173599,6.799,16.877,1.614,1.601,39.789
TrivFlip12.exe,23816,0x00000274F86D4280,DXGI,1,0,0,Composed: Flip,0,1,0,6.177875,4.276,16.481,0.444,0.441,51.995
TrivFlip12.exe,23816,0x00000274F86D4280,DXGI,1,0,0,Composed: Flip,0,1,0,6.178827,0.952,16.667,2.930,18.297,67.710
TrivFlip12.exe,23816,0x00000274F86D4280,DXGI,1,0,0,Composed: Flip,0,1,0,6.182353,3.526,16.663,14.549,31.854,80.847
TrivFlip12.exe,23816,0x00000274F86D4280,DXGI,1,0,0,Composed: Flip,0,1,0,6.198546,16.194,16.732,15.248,31.965,81.385
TrivFlip12.exe,23816,0x00000274F86D4280,DXGI,1,0,0,Composed: Flip,0,1,0,6.231538,32.992,16.624,0.653,15.660,65.017
TrivFlip12.exe,23816,0x00000274F86D4280,DXGI,1,0,0,Composed: Flip,0,1,0,6.232881,1.343,16.715,14.529,30.960,80.389
TrivFlip12.exe,23816,0x00000274F86D4280,DXGI,1,0,0,Composed: Flip,0,1,0,6.249374,16.493,16.690,14.149,31.188,80.586
TrivFlip12.exe,23816,0x00000274F86D4280,DXGI,1,0,0,Composed: Flip,0,1,0,6.263903,14.529,16.770,16.431,33.343,82.828
TrivFlip12.exe,23816,0x00000274F86D4280,DXGI,1,0,0,Composed: Flip,0,1,0,6.280791,16.888,16.668,16.570,33.174,82.607
TrivFlip12.exe,23816,0x00000274F86D4280,DXGI,1,0,0,Composed: Flip,0,1,0,6.297728,16.937,16.590,15.874,32.831,82.260
TrivFlip12.exe,23816,0x00000274F86D4280,DXGI,1,0,0,Composed: Flip,0,1,0,6.314113,16.385,16.665,16.540,33.386,82.540
TrivFlip12.exe,23816,0x00000274F86D4280,DXGI,1,0,0,Composed: Flip,0,1,0,6.330878,16.765,16.671,16.212,33.279,82.446
TrivFlip12.exe,23816,0x00000274F86D4280,DXGI,1,0,0,Composed: Flip,0,1,0,6.350841,19.964,16.686,12.993,29.697,79.168
TrivFlip12.exe,23816,0x00000274F86D4280,DXGI,1,0,0,Composed: Flip,0,1,0,6.368228,17.386,16.753,12.200,29.142,78.534
TrivFlip12.exe,23816,0x00000274F86D4280,DXGI,1,0,0,Composed: Flip,0,1,0,6.382713,14.485,16.668,14.338,31.283,80.718
TrivFlip12.exe,23816,0x00000274F86D4280,DXGI,1,0,0,Composed: Flip,0,1,0,6.397582,14.869,16.636,16.528,32.995,82.484
TrivFlip12.exe,23816,0x00000274F86D4280,DXGI,1,0,0,Composed: Flip,0,1,0,6.415767,18.185,16.683,14.580,31.663,80.982
TrivFlip12.exe,23816,0x00000274F86D4280,DXGI,1,0,0,Composed: Flip,0,1,0,6.430971,15.204,16.653,16.159,33.164,82.431
TrivFlip12.exe,23816,0x00000274F86D4280,DXGI,1,0,0,Composed: Flip,0,1,0,6.447845,16.874,16.750,15.983,32.865,82.308
TrivFlip12.exe,23816,0x00000274F86D4280,DXGI,1,0,0,Composed: Flip,0,1,0,6.465094,17.249,16.668,15.369,32.357,81.726
TrivFlip12.exe,23816,0x00000274F86D4280,DXGI,1,0,0,Composed: Flip,0,1,0,6.481103,16.010,16.771,16.028,33.010,82.488
TrivFlip12.exe,23816,0x00000274F86D4280,DXGI,1,0,0,Composed: Flip,0,1,0,6.497728,16.625,16.594,16.081,33.019,82.457
TrivFlip12.exe,23816,0x00000274F86D4280,DXGI,1,0,0,Composed: Flip,0,1,0,6.514313,16.585,16.782,16.236,33.170,82.654
TrivFlip12.exe,23816,0x00000274F86D4280,DXGI,1,0,0,Composed: Flip,0,1,0,6.531709,17.396,16.698,15.449,32.536,81.956
TrivFlip12.exe,23816,0x00000274F86D4280,DXGI,1,0,0,Composed: Flip,0,1,0,6.547615,15.906,16.536,16.328,33.217,82.585
TrivFlip12.exe,23816,0x00000274F86D4280,DXGI,1,0,0,Composed: Flip,0,1,0,6.566367,18.752,16.733,14.122,31.256,80.566
TrivFlip12.exe,23816,0x00000274F86D4280,DXGI,1,0,0,Composed: Flip,0,1,0,6.581302,14.934,16.681,16.009,32.998,82.313
TrivFlip12.exe,23816,0x00000274F86D4280,DXGI,1,0,0,Composed: Flip,0,1,0,6.597695,16.393,16.593,16.288,33.270,82.513
TrivFlip12.exe,23816,0x00000274F86D4280,DXGI,1,0,0,Composed: Flip,0,1,0,6.614417,16.723,16.740,16.105,33.227,82.531
TrivFlip12.exe,23816,0x00000274F86D4280,DXGI,1,0,0,Composed: Flip,0,1,0,6.631270,16.853,16.627,15.974,33.103,82.305
TrivFlip12.exe,23816,0x00000274F86D4280,DXGI,1,0,0,Composed: Flip,0,1,0,6.648144,16.874,16.696,15.768,32.648,82.127
TrivFlip12.exe,23816,0x00000274F86D4280,DXGI,1,0,0,Composed: Flip,0,1,0,6.665514,17.370,16.683,15.080,32.028,81.440
TrivFlip12.exe,23816,0x00000274F86D4280,DXGI,1,0,0,Composed: Flip,0,1,0,6.683057,17.544,16.650,14.217,31.128,80.546
TrivFlip12.exe,23816,0x00000274F86D4280,DXGI,1,0,0,Composed: Flip,0,1,0,6.699311,16.254,16.750,14.597,31.677,81.042
TrivFlip12.exe,23816,0x00000274F86D4280,DXGI,1,0,0,Composed: Flip,0,1,0,6.715615,16.304,16.627,15.040,31.957,81.365
TrivFlip12.exe,23816,0x00000274F86D4280,DXGI,1,0,0,Composed: Flip,0,1,0,6.731476,15.861,16.734,15.775,32.775,82.238
TrivFlip12.exe,23816,0x00000274F86D4280,DXGI,1,0,0,Composed: Flip,0,1,0,6.747962,16.486,16.668,15.932,32.971,82.420
TrivFlip12.exe,23816,0x00000274F86D4280,DXGI,1,0,0,Composed: Flip,0,1,0,6.764725,16.763,16.664,15.938,32.798,82.321
TrivFlip12.exe,23816,0x00000274F86D4280,DXGI,1,0,0,Composed: Flip,0,1,0,6.781376,16.651,16.623,15.904,33.046,82.293
TrivFlip12.exe,23816,0x00000274F86D4280,DXGI,1,0,0,Composed: Flip,0,1,0,6.797736,16.360,16.701,16.307,33.265,82.634
TrivFlip12.exe,23816,0x00000274F86D4280,DXGI,1,0,0,Composed: Flip,0,1,0,6.814527,16.791,16.732,16.181,33.192,82.574
TrivFlip12.exe,23816,0x00000274F86D4280,DXGI,1,0,0,Composed: Flip,0,1,0,6.831129,16.602,16.720,16.261,33.044,82.693
TrivFlip12.exe,23816,0x00000274F86D4280,DXGI,1,0,0,Composed: Flip,0,1,0,6.848376,17.247,16.592,15.561,32.512,82.038
TrivFlip12.exe,23816,0x00000274F86D4280,DXGI,1,0,0,Composed: Flip,0,1,0,6.864365,15.989,16.737,16.323,33.385,82.786
TrivFlip12.exe,23816,0x00000274F86D4280,DXGI,1,0,0,Composed: Flip,0,1,0,6.883466,19.101,16.714,14.001,31.128,80.399
TrivFlip12.exe,23816,0x00000274F86D4280,DXGI,1,0,0,Composed: Flip,0,1,0,6.901739,18.272,16.609,12.471,29.310,78.735
TrivFlip12.exe,23816,0x00000274F86D4280,DXGI,1,0,0,Composed: Flip,0,1,0,6.914661,12.922,16.719,16.071,33.063,82.532
TrivFlip12.exe,23816,0x00000274F86D4280,DXGI,1,0,0,Composed: Flip,0,1,0,6.931456,16.796,16.676,16.002,33.180,82.412
TrivFlip12.exe,23816,0x00000274F86D4280,DXGI,1,0,0,Composed: Flip,0,1,0,6.949742,18.285,16.654,14.457,31.409,80.781
TrivFlip12.exe,23816,0x00000274F86D4280,DXGI,1,0,0,Composed: Flip,0,1,0,6.965203,15.461,16.722,15.565,32.635,82.042
TrivFlip12.exe,23816,0x00000274F86D4280,DXGI,1,0,0,Composed: Flip,0,1,0,6.981641,16.438,16.681,15.946,32.924,82.285
TrivFlip12.exe,23816,0x00000274F86D4280,DXGI,1,0,0,Composed: Flip,0,1,0,6.997936,16.295,16.740,16.277,33.206,82.730
TrivFlip12.exe,23816,0x00000274F86D4280,DXGI,1,0,0,Composed: Flip,0,1,0,7.014669,16.733,16.594,16.164,33.069,82.591
TrivFlip12.exe,23816,0x00000274F86D4280,DXGI,1,0,0,Composed: Flip,0,1,0,7.031209,16.540,16.657,16.324,33.736,82.708
TrivFlip12.exe,23816,0x00000274F86D4280,DXGI,1,0,0,Composed: Flip,0,1,0,7.047924,16.715,16.955,16.259,33.487,82.947
TrivFlip12.exe,23816,0x00000274F86D4280,DXGI,1,0,0,Composed: Flip,0,1,0,7.065169,17.244,16.634,15.844,32.706,82.338
TrivFlip12.exe,23816,0x00000274F86D4280,DXGI,1,0,0,Composed: Flip,0,1,0,7.082554,17.385,16.678,15.060,31.873,81.631
TrivFlip12.exe,23816,0x00000274F86D4280,DXGI,1,0,0,Composed: Flip,0,1,0,7.097980,15.426,16.723,16.211,33.923,82.928
TrivFlip12.exe,23816,0x00000274F86D4280,DXGI,1,0,0,Composed: Flip,0,1,0,7.114592,16.613,16.604,16.845,34.230,82.920
TrivFlip12.exe,23816,0x00000274F86D4280,DXGI,1,0,0,Composed: Flip,0,1,0,7.134080,19.488,16.709,15.214,31.254,80.141
TrivFlip12.exe,23816,0x00000274F86D4280,DXGI,1,0,0,Composed: Flip,0,1,0,7.151723,17.642,16.785,13.077,30.474,79.284
TrivFlip12.exe,23816,0x00000274F86D4280,DXGI,1,0,0,Composed: Flip,0,1,0,7.166297,14.575,16.596,15.281,32.315,81.305
TrivFlip12.exe,23816,0x00000274F86D4280,DXGI,1,0,0,Composed: Flip,0,1,0,7.184361,18.064,16.655,13.665,31.007,79.897
TrivFlip12.exe,23816,0x00000274F86D4280,DXGI,1,0,0,Composed: Flip,0,1,0,7.199361,15.000,16.658,15.505,33.022,81.556
TrivFlip12.exe,23816,0x00000274F86D4280,DXGI,1,0,0,Composed: Flip,0,1,0,7.216893,17.533,16.787,15.765,31.828,80.810
TrivFlip12.exe,23816,0x00000274F86D4280,DXGI,1,0,0,Composed: Flip,0,1,0,7.233395,16.501,16.743,14.948,32.182,81.051
TrivFlip12.exe,23816,0x00000274F86D4280,DXGI,1,0,0,Composed: Flip,0,1,0,7.251538,18.144,16.681,13.315,30.591,79.589
TrivFlip12.exe,23816,0x00000274F86D4280,DXGI,1,0,0,Composed: Flip,0,1,0,7.267286,15.748,16.698,25.930,31.580,80.539
TrivFlip12.exe,23816,0x00000274F86D4280,DXGI,1,0,0,Composed: Flip,0,1,0,7.358451,91.164,32.979,0.659,0.602,22.354
TrivFlip12.exe,23816,0x00000274F86D4280,DXGI,1,0,0,Composed: Flip,0,1,0,7.361170,2.719,16.898,0.467,0.466,36.533
TrivFlip12.exe,23816,0x00000274F86D4280,DXGI,1,0,0,Composed: Flip,0,1,0,7.362435,1.265,16.500,0.362,2.391,51.768
TrivFlip12.exe,23816,0x00000274F86D4280,DXGI,1,0,0,Composed: Flip,0,1,0,7.372178,9.743,16.656,0.808,9.167,58.681
TrivFlip12.exe,23816,0x00000274F86D4280,DXGI,1,0,0,Composed: Flip,0,1,0,7.374404,2.226,16.735,6.971,24.085,73.191
TrivFlip12.exe,23816,0x00000274F86D4280,DXGI,1,0,0,Composed: Flip,0,1,0,7.383729,9.325,16.703,15.372,31.039,80.568
TrivFlip12.exe,23816,0x00000274F86D4280,DXGI,1,0,0,Composed: Flip,0,1,0,7.404251,20.521,16.590,11.072,27.074,76.637
TrivFlip12.exe,23816,0x00000274F86D4280,DXGI,1,0,0,Composed: Flip,0,1,0,7.423773,19.523,16.676,7.749,24.509,73.790
TrivFlip12.exe,23816,0x00000274F86D4280,DXGI,1,0,0,Composed: Flip,0,1,0,7.432124,8.351,16.640,15.939,32.804,82.079
TrivFlip12.exe,23816,0x00000274F86D4280,DXGI,1,0,0,Composed: Flip,0,1,0,7.450467,18.343,16.805,14.731,30.945,80.542
TrivFlip12.exe,23816,0x00000274F86D4280,DXGI,1,0,0,Composed: Flip,0,1,0,7.467469,17.002,16.641,13.707,30.739,80.181
TrivFlip12.exe,23816,0x00000274F86D4280,DXGI,1,0,0,Composed: Flip,0,1,0,7.481608,14.139,16.673,16.255,33.190,82.715
TrivFlip12.exe,23816,0x00000274F86D4280,DXGI,1,0,0,Composed: Flip,0,1,0,7.498645,17.037,16.669,15.855,32.988,82.347
TrivFlip12.exe,23816,0x00000274F86D4280,DXGI,1,0,0,Composed: Flip,0,1,0,7.515031,16.386,16.662,16.739,33.231,82.623
TrivFlip12.exe,23816,0x00000274F86D4280,DXGI,1,0,0,Composed: Flip,0,1,0,7.534113,19.082,16.761,13.858,30.822,80.301
TrivFlip12.exe,23816,0x00000274F86D4280,DXGI,1,0,0,Composed: Flip,0,1,0,7.548356,14.243,16.616,16.286,33.331,82.675
TrivFlip12.exe,23816,0x00000274F86D4280,DXGI,1,0,0,Composed: Flip,0,1,0,7.565265,16.909,16.653,16.480,33.011,82.418
TrivFlip12.exe,23816,0x00000274F86D4280,DXGI,1,0,0,Composed: Flip,0,1,0,7.582300,17.035,16.734,15.678,32.770,82.118
TrivFlip12.exe,23816,0x00000274F86D4280,DXGI,1,0,0,Composed: Flip,0,1,0,7.598931,16.631,16.692,15.838,32.759,82.178
TrivFlip12.exe,23816,0x00000274F86D4280,DXGI,1,0,0,Composed: Flip,0,1,0,7.616174,17.243,16.808,15.525,32.100,81.743
TrivFlip12.exe,23816,0x00000274F86D4280,DXGI,1,0,0,Composed: Flip,0,1,0,7.632261,16.087,16.741,15.692,32.696,82.397
TrivFlip12.exe,23816,0x00000274F86D4280,DXGI,1,0,0,Composed: Flip,0,1,0,7.648488,16.227,16.497,16.191,33.244,82.667
TrivFlip12.exe,23816,0x00000274F86D4280,DXGI,1,0,0,Composed: Flip,0,1,0,7.665074,16.586,16.605,16.349,33.802,82.686
TrivFlip12.exe,23816,0x00000274F86D4280,DXGI,1,0,0,Composed: Flip,0,1,0,7.681844,16.770,16.713,16.691,34.077,82.629
TrivFlip12.exe,23816,0x00000274F86D4280,DXGI,1,0,0,Composed: Flip,0,1,0,7.699230,17.386,16.673,16.207,32.644,81.916
TrivFlip12.exe,23816,0x00000274F86D4280,DXGI,1,0,0,Composed: Flip,0,1,0,7.716626,17.396,16.677,15.110,31.661,81.197
TrivFlip12.exe,23816,0x00000274F86D4280,DXGI,1,0,0,Composed: Flip,0,1,0,7.732231,15.605,16.694,15.783,32.790,82.286
TrivFlip12.exe,23816,0x00000274F86D4280,DXGI,1,0,0,Composed: Flip,0,1,0,7.748442,16.211,16.633,16.337,33.438,82.708
TrivFlip12.exe,23816,0x00000274F86D4280,DXGI,1,0,0,Composed: Flip,0,1,0,7.765162,16.720,16.692,16.844,33.237,82.680
TrivFlip12.exe,23816,0x00000274F86D4280,DXGI,1,0,0,Composed: Flip,0,1,0,7.783560,18.398,16.722,15.161,31.511,81.005
TrivFlip12.exe,23816,0x00000274F86D4280,DXGI,1,0,0,Composed: Flip,0,1,0,7.799740,16.180,16.610,15.249,32.191,81.434
TrivFlip12.exe,23816,0x00000274F86D4280,DXGI,1,0,0,Composed: Flip,0,1,0,7.817667,17.927,16.789,14.239,30.648,80.295
TrivFlip12.exe,23816,0x00000274F86D4280,DXGI,1,0,0,Composed: Flip,0,1,0,7.834340,16.673,16.633,13.856,30.833,80.256
TrivFlip12.exe,23816,0x00000274F86D4280,DXGI,1,0,0,Composed: Flip,0,1,0,7.851139,16.799,16.670,13.885,30.721,80.126
TrivFlip12.exe,23816,0x00000274F86D4280,DXGI,1,0,0,Composed: Flip,0,1,0,7.865873,14.734,16.762,16.000,32.709,82.155
TrivFlip12.exe,23816,0x00000274F86D4280,DXGI,1,0,0,Composed: Flip,0,1,0,7.884162,18.290,16.582,15.435,30.961,80.448
TrivFlip12.exe,23816,0x00000274F86D4280,DXGI,1,0,0,Composed: Flip,0,1,0,7.901555,17.393,16.655,17.582,30.452,79.710
TrivFlip12.exe,23816,0x00000274F86D4280,DXGI,1,0,0,Composed: Flip,0,1,0,7.922206,20.651,16.691,9.365,26.448,75.749
TrivFlip12.exe,23816,0x00000274F86D4280,DXGI,1,0,0,Composed: Flip,0,1,0,7.932802,10.596,16.707,15.786,32.446,81.860
TrivFlip12.exe,23816,0x00000274F86D4280,DXGI,1,0,0,Composed: Flip,0,1,0,7.949662,16.860,16.632,15.652,32.125,81.632
TrivFlip12.exe,23816,0x00000274F86D4280,DXGI,1,0,0,Composed: Flip,0,1,0,7.966036,16.374,16.760,15.769,32.444,82.019
TrivFlip12.exe,23816,0x00000274F86D4280,DXGI,1,0,0,Composed: Flip,0,1,0,7.982850,16.814,16.639,18.731,32.304,81.844
TrivFlip12.exe,23816,0x00000274F86D4280,DXGI,1,0,0,Composed: Flip,0,1,0,8.002500,19.650,16.680,13.008,29.394,78.873
TrivFlip12.exe,23816,0x00000274F86D4280,DXGI,1,0,0,Composed: Flip,0,1,0,8.018349,15.849,16.690,13.264,30.309,79.714
TrivFlip12.exe,23816,0x00000274F86D4280,DXGI,1,0,0,Composed: Flip,0,1,0,8.032316,13.967,16.689,16.081,33.049,82.436
TrivFlip12.exe,23816,0x00000274F86D4280,DXGI,1,0,0,Composed: Flip,0,1,0,8.048812,16.496,16.683,16.387,33.236,82.623
TrivFlip12.exe,23816,0x00000274F86D4280,DXGI,1,0,0,Composed: Flip,0,1,0,8.065544,16.732,16.654,16.505,33.109,82.545
TrivFlip12.exe,23816,0x00000274F86D4280,DXGI,1,0,0,Composed: Flip,0,1,0,8.084374,18.831,16.633,14.025,30.915,80.347
TrivFlip12.exe,23816,0x00000274F86D4280,DXGI,1,0,0,Composed: Flip,0,1,0,8.099462,15.087,16.723,16.085,32.511,81.983
TrivFlip12.exe,23816,0x00000274F86D4280,DXGI,1,0,0,Composed: Flip,0,1,0,8.116919,17.457,16.714,15.327,31.691,81.239
TrivFlip12.exe,23816,0x00000274F86D4280,DXGI,1,0,0,Composed: Flip,0,1,0,8.134657,17.738,16.671,13.717,30.594,80.172
TrivFlip12.exe,23816,0x00000274F86D4280,DXGI,1,0,0,Composed: Flip,0,1,0,8.148942,14.285,16.623,16.509,33.048,82.511
TrivFlip12.exe,23816,0x00000274F86D4280,DXGI,1,0,0,Composed: Flip,0,1,0,8.166377,17.436,16.700,15.371,32.426,81.775
TrivFlip12.exe,23816,0x00000274F86D4280,DXGI,1,0,0,Composed: Flip,0,1,0,8.182284,15.906,16.768,16.230,33.152,82.636
TrivFlip12.exe,23816,0x00000274F86D4280,DXGI,1,0,0,Composed: Flip,0,1,0,8.200078,17.794,16.686,15.082,31.989,81.529
TrivFlip12.exe,23816,0x00000274F86D4280,DXGI,1,0,0,Composed: Flip,0,1,0,8.215652,15.574,16.610,16.077,33.017,82.565
TrivFlip12.exe,23816,0x00000274F86D4280,DXGI,1,0,0,Composed: Flip,0,1,0,8.232392,16.740,16.810,16.030,33.464,82.635
TrivFlip12.exe,23816,0x00000274F86D4280,DXGI,1,0,0,Composed: Flip,0,1,0,8.248794,16.402,16.623,16.657,33.452,82.856
TrivFlip12.exe,23816,0x00000274F86D4280,DXGI,1,0,0,Composed: Flip,0,1,0,8.267318,18.524,16.718,14.803,31.444,81.050
TrivFlip12.exe,23816,0x00000274F86D4280,DXGI,1,0,0,Composed: Flip,0,1,0,8.282454,15.136,16.667,16.052,33.070,82.580
TrivFlip12.exe,23816,0x00000274F86D4280,DXGI,1,0,0,Composed: Flip,0,1,0,8.298902,16.449,16.610,16.365,33.380,82.742
TrivFlip12.exe,23816,0x00000274F86D4280,DXGI,1,0,0,Composed: Flip,0,1,0,8.315663,16.761,16.594,16.275,33.344,82.574
TrivFlip12.exe,23816,0x00000274F86D4280,DXGI,1,0,0,Composed: Flip,0,1,0,8.332494,16.830,16.721,16.623,33.213,82.465
TrivFlip12.exe,23816,0x00000274F86D4280,DXGI,1,0,0,Composed: Flip,0,1,0,8.350121,17.627,16.713,15.221,32.209,81.551
TrivFlip12.exe,23816,0x00000274F86D4280,DXGI,1,0,0,Composed: Flip,0,1,0,8.365719,15.598,16.750,16.284,33.021,82.703
TrivFlip12.exe,23816,0x00000274F86D4280,DXGI,1,0,0,Composed: Flip,0,1,0,8.383036,17.318,16.629,15.530,32.422,82.014
TrivFlip12.exe,23816,0x00000274F86D4280,DXGI,1,0,0,Composed: Flip,0,1,0,8.399216,16.179,16.708,16.836,33.054,82.543
TrivFlip12.exe,23816,0x00000274F86D4280,DXGI,1,0,0,Composed: Flip,0,1,0,8.418506,19.291,16.649,13.594,30.581,79.901
TrivFlip12.exe,23816,0x00000274F86D4280,DXGI,1,0,0,Composed: Flip,0,1,0,8.432594,14.088,16.755,16.317,33.076,82.568
TrivFlip12.exe,23816,0x00000274F86D4280,DXGI,1,0,0,Composed: Flip,0,1,0,8.451942,19.348,16.618,13.774,30.678,79.838
TrivFlip12.exe,23816,0x00000274F86D4280,DXGI,1,0,0,Composed: Flip,0,1,0,8.468179,16.237,16.677,14.438,30.831,80.277
TrivFlip12.exe,23816,0x00000274F86D4280,DXGI,1,0,0,Composed: Flip,0,1,0,8.493386,25.207,16.702,6.080,22.325,71.773
TrivFlip12.exe,23816,0x00000274F86D4280,DXGI,1,0,0,Composed: Flip,0,1,0,8.502441,9.054,16.682,13.027,29.889,79.400
TrivFlip12.exe,23816,0x00000274F86D4280,DXGI,1,0,0,Composed: Flip,0,1,0,8.515932,13.492,16.680,16.827,33.102,82.588
TrivFlip12.exe,23816,0x00000274F86D4280,DXGI,1,0,0,Composed: Flip,0,1,0,8.533695,17.762,16.688,15.561,32.002,81.514
TrivFlip12.exe,23816,0x00000274F86D4280,DXGI,1,0,0,Composed: Flip,0,1,0,8.550077,16.382,16.567,15.770,32.316,81.698
TrivFlip12.exe,23816,0x00000274F86D4280,DXGI,1,0,0,Composed: Flip,0,1,0,8.567519,17.442,16.764,14.633,31.551,81.021
TrivFlip12.exe,23816,0x00000274F86D4280,DXGI,1,0,0,Composed: Flip,0,1,0,8.582532,15.014,16.615,16.690,33.429,82.622
TrivFlip12.exe,23816,0x00000274F86D4280,DXGI,1,0,0,Composed: Flip,0,1,0,8.599616,17.083,16.774,16.981,32.714,82.313
TrivFlip12.exe,23816,0x00000274F86D4280,DXGI,1,0,0,Composed: Flip,0,1,0,8.617318,17.702,16.593,15.315,31.885,81.203
TrivFlip12.exe,23816,0x00000274F86D4280,DXGI,1,0,0,Composed: Flip,0,1,0,8.634767,17.449,16.708,14.263,30.912,80.462
TrivFlip12.exe,23816,0x00000274F86D4280,DXGI,1,0,0,Composed: Flip,0,1,0,8.650388,15.621,16.643,15.041,32.173,81.483
TrivFlip12.exe,23816,0x00000274F86D4280,DXGI,1,0,0,Composed: Flip,0,1,0,8.665852,15.464,16.731,16.444,33.291,82.750
TrivFlip12.exe,23816,0x00000274F86D4280,DXGI,1,0,0,Composed: Flip,0,1,0,8.683525,17.673,16.641,15.358,32.296,81.718
TrivFlip12.exe,23816,0x00000274F86D4280,DXGI,1,0,0,Composed: Flip,0,1,0,8.699512,15.987,16.745,16.010,32.854,82.477
TrivFlip12.exe,23816,0x00000274F86D4280,DXGI,1,0,0,Composed: Flip,0,1,0,8.716083,16.571,16.636,16.065,33.145,82.541
TrivFlip12.exe,23816,0x00000274F86D4280,DXGI,1,0,0,Composed: Flip,0,1,0,8.732513,16.430,16.683,16.481,33.341,82.795
TrivFlip12.exe,23816,0x00000274F86D4280,DXGI,1,0,0,Composed: Flip,0,1,0,8.749522,17.009,16.692,16.034,33.109,82.478
TrivFlip12.exe,23816,0x00000274F86D4280,DXGI,1,0,0,Composed: Flip,0,1,0,8.767213,17.691,16.688,15.089,32.037,81.474
TrivFlip12.exe,23816,0x00000274F86D4280,DXGI,1,0,0,Composed: Flip,0,1,0,8.784135,16.922,16.670,14.758,31.813,81.222
TrivFlip12.exe,23816,0x00000274F86D4280,DXGI,1,0,0,Composed: Flip,0,1,0,8.799606,15.471,16.698,16.278,32.980,82.448
TrivFlip12.exe,23816,0x00000274F86D4280,DXGI,1,0,0,Composed: Flip,0,1,0,8.816596,16.990,16.681,15.966,32.616,82.139
TrivFlip12.exe,23816,0x00000274F86D4280,DXGI,1,0,0,Composed: Flip,0,1,0,8.835541,18.944,16.682,13.450,30.528,79.876
TrivFlip12.exe,23816,0x00000274F86D4280,DXGI,1,0,0,Composed: Flip,0,1,0,8.849358,13.817,16.735,16.275,33.246,82.794
TrivFlip12.exe,23816,0x00000274F86D4280,DXGI,1,0,0,Composed: Flip,0,1,0,8.867467,18.110,16.615,14.885,31.962,81.299
TrivFlip12.exe,23816,0x00000274F86D4280,DXGI,1,0,0,Composed: Flip,0,1,0,8.882756,15.289,16.676,19.770,33.238,82.687
TrivFlip12.exe,23816,0x00000274F86D4280,DXGI,1,0,0,Composed: Flip,0,1,0,8.905845,23.089,16.611,10.819,26.926,76.209
TrivFlip12.exe,23816,0x00000274F86D4280,DXGI,1,0,0,Composed: Flip,0,1,0,8.918724,12.879,16.699,13.762,30.688,80.029
TrivFlip12.exe,23816,0x00000274F86D4280,DXGI,1,0,0,Composed: Flip,0,1,0,8.935511,16.787,16.735,13.592,30.553,79.977
TrivFlip12.exe,23816,0x00000274F86D4280,DXGI,1,0,0,Composed: Flip,0,1,0,8.950523,15.012,16.622,15.274,32.005,81.586
TrivFlip12.exe,23816,0x00000274F86D4280,DXGI,1,0,0,Composed: Flip,0,1,0,8.966175,15.651,16.858,16.140,33.148,82.793
TrivFlip12.exe,23816,0x00000274F86D4280,DXGI,1,0,0,Composed: Flip,0,1,0,8.982692,16.517,16.516,16.322,33.336,82.792
TrivFlip12.exe,23816,0x00000274F86D4280,DXGI,1,0,0,Composed: Flip,0,1,0,8.999633,16.941,16.691,16.154,33.010,82.542
TrivFlip12.exe,23816,0x00000274F86D4280,DXGI,1,0,0,Composed: Flip,0,1,0,9.016149,16.516,16.678,16.237,33.462,82.704
TrivFlip12.exe,23816,0x00000274F86D4280,DXGI,1,0,0,Composed: Flip,0,1,0,9.033090,16.941,16.735,16.357,32.984,82.497
TrivFlip12.exe,23816,0x00000274F86D4280,DXGI,1,0,0,Composed: Flip,0,1,0,9.050580,17.490,16.671,15.416,32.245,81.678
TrivFlip12.exe,23816,0x00000274F86D4280,DXGI,1,0,0,Composed: Flip,0,1,0,9.066525,15.945,16.677,16.145,32.844,82.410
TrivFlip12.exe,23816,0x00000274F86D4280,DXGI,1,0,0,Composed: Flip,0,1,0,9.083080,16.555,16.697,16.069,33.056,82.553
TrivFlip12.exe,23816,0x00000274F86D4280,DXGI,1,0,0,Composed: Flip,0,1,0,9.099573,16.493,16.702,16.573,33.239,82.762
TrivFlip12.exe,23816,0x00000274F86D4280,DXGI,1,0,0,Composed: Flip,0,1,0,9.116580,17.007,16.649,15.994,32.968,82.405
TrivFlip12.exe,23816,0x00000274F86D4280,DXGI,1,0,0,Composed: Flip,0,1,0,9.133015,16.435,16.676,16.579,33.176,82.645
TrivFlip12.exe,23816,0x00000274F86D4280,DXGI,1,0,0,Composed: Flip,0,1,0,9.151381,18.367,16.686,14.573,31.704,80.965
TrivFlip12.exe,23816,0x00000274F86D4280,DXGI,1,0,0,Composed: Flip,0,1,0,9.169087,17.706,16.629,14.122,30.544,79.889
TrivFlip12.exe,23816,0x00000274F86D4280,DXGI,1,0,0,Composed: Flip,0,1,0,9.186462,17.375,16.739,12.834,29.839,79.253
TrivFlip12.exe,23816,0x00000274F86D4280,DXGI,1,0,0,Composed: Flip,0,1,0,9.201153,14.691,16.661,14.858,31.741,81.223
TrivFlip12.exe,23816,0x00000274F86D4280,DXGI,1,0,0,Composed: Flip,0,1,0,9.216620,15.467,16.624,16.024,32.876,82.380
TrivFlip12.exe,23816,0x00000274F86D4280,DXGI,1,0,0,Composed: Flip,0,1,0,9.233006,16.386,16.722,16.251,33.252,82.716
TrivFlip12.exe,23816,0x00000274F86D4280,DXGI,1,0,0,Composed: Flip,0,1,0,9.249600,16.594,16.701,16.451,33.358,82.823
TrivFlip12.exe,23816,0x00000274F86D4280,DXGI,1,0,0,Composed: Flip,0,1,0,9.267972,18.373,16.605,15.180,31.681,81.055
TrivFlip12.exe,23816,0x00000274F86D4280,DXGI,1,0,0,Composed: Flip,0,1,0,9.283665,15.693,16.716,15.599,32.641,82.078
TrivFlip12.exe,23816,0x00000274F86D4280,DXGI,1,0,0,Composed: Flip,0,1,0,9.299914,16.249,16.691,16.115,33.077,82.520
TrivFlip12.exe,23816,0x00000274F86D4280,DXGI,1,0,0,Composed: Flip,0,1,0,9.316581,16.667,16.690,16.327,32.925,82.543
TrivFlip12.exe,23816,0x00000274F86D4280,DXGI,1,0,0,Composed: Flip,0,1,0,9.333192,16.611,16.671,16.100,33.174,82.603
TrivFlip12.exe,23816,0x00000274F86D4280,DXGI,1,0,0,Composed: Flip,0,1,0,9.349668,16.476,16.608,16.374,33.353,82.735
TrivFlip12.exe,23816,0x00000274F86D4280,DXGI,1,0,0,Composed: Flip,0,1,0,9.367922,18.254,16.776,14.802,31.744,81.257
TrivFlip12.exe,23816,0x00000274F86D4280,DXGI,1,0,0,Composed: Flip,0,1,0,9.383349,15.427,16.681,16.058,33.103,82.511
TrivFlip12.exe,23816,0x00000274F86D4280,DXGI,1,0,0,Composed: Flip,0,1,0,9.400049,16.700,16.693,16.081,32.838,82.504
TrivFlip12.exe,23816,0x00000274F86D4280,DXGI,1,0,0,Composed: Flip,0,1,0,9.416771,16.722,16.666,16.366,33.004,82.448
TrivFlip12.exe,23816,0x00000274F86D4280,DXGI,1,0,0,Composed: Flip,0,1,0,9.434778,18.007,16.731,15.041,31.678,81.172
TrivFlip12.exe,23816,0x00000274F86D4280,DXGI,1,0,0,Composed: Flip,0,1,0,9.450117,15.340,16.638,16.159,32.986,82.470
TrivFlip12.exe,23816,0x00000274F86D4280,DXGI,1,0,0,Composed: Flip,0,1,0,9.466726,16.608,16.782,16.121,33.119,82.645
TrivFlip12.exe,23816,0x00000274F86D4280,DXGI,1,0,0,Composed: Flip,0,1,0,9.483199,16.473,16.569,16.319,33.286,82.740
TrivFlip12.exe,23816,0x00000274F86D4280,DXGI,1,0,0,Composed: Flip,0,1,0,9.500123,16.924,16.740,16.750,33.003,82.556
TrivFlip12.exe,23816,0x00000274F86D4280,DXGI,1,0,0,Composed: Flip,0,1,0,9.518239,18.116,16.616,14.679,31.977,81.056
TrivFlip12.exe,23816,0x00000274F86D4280,DXGI,1,0,0,Composed: Flip,0,1,0,9.535162,16.923,16.741,14.905,31.512,80.874
TrivFlip12.exe,23816,0x00000274F86D4280,DXGI,1,0,0,Composed: Flip,0,1,0,9.555271,20.110,16.619,10.971,28.170,77.383
TrivFlip12.exe,23816,0x00000274F86D4280,DXGI,1,0,0,Composed: Flip,0,1,0,9.568435,13.164,16.895,14.620,31.531,81.114
TrivFlip12.exe,23816,0x00000274F86D4280,DXGI,1,0,0,Composed: Flip,0,1,0,9.583824,15.389,16.470,16.268,32.900,82.195
TrivFlip12.exe,23816,0x00000274F86D4280,DXGI,1,0,0,Composed: Flip,0,1,0,9.600470,16.645,16.661,15.917,32.821,82.211
TrivFlip12.exe,23816,0x00000274F86D4280,DXGI,1,0,0,Composed: Flip,0,1,0,9.619468,18.999,16.739,13.588,30.564,79.951
TrivFlip12.exe,23816,0x00000274F86D4280,DXGI,1,0,0,Composed: Flip,0,1,0,9.633477,14.009,16.643,17.835,33.089,82.585
TrivFlip12.exe,23816,0x00000274F86D4280,DXGI,1,0,0,Composed: Flip,0,1,0,9.653126,19.649,16.632,13.900,30.106,79.569
TrivFlip12.exe,23816,0x00000274F86D4280,DXGI,1,0,0,Composed: Flip,0,1,0,9.668884,15.758,16.786,14.860,31.193,80.597
TrivFlip12.exe,23816,0x00000274F86D4280,DXGI,1,0,0,Composed: Flip,0,1,0,9.685452,16.568,16.595,14.409,31.197,80.623
TrivFlip12.exe,23816,0x00000274F86D4280,DXGI,1,0,0,Composed: Flip,0,1,0,9.701547,16.095,16.684,15.150,31.750,81.212
TrivFlip12.exe,23816,0x00000274F86D4280,DXGI,1,0,0,Composed: Flip,0,1,0,9.717148,15.601,16.676,15.850,32.903,82.287
TrivFlip12.exe,23816,0x00000274F86D4280,DXGI,1,0,0,Composed: Flip,0,1,0,9.733721,16.572,16.802,16.308,32.887,82.517
TrivFlip12.exe,23816,0x00000274F86D4280,DXGI,1,0,0,Composed: Flip,0,1,0,9.752179,18.458,16.528,14.178,31.199,80.586
TrivFlip12.exe,23816,0x00000274F86D4280,DXGI,1,0,0,Composed: Flip,0,1,0,9.766888,14.709,16.729,16.222,33.092,82.605
TrivFlip12.exe,23816,0x00000274F86D4280,DXGI,1,0,0,Composed: Flip,0,1,0,9.785735,18.847,16.797,13.996,31.121,80.555
TrivFlip12.exe,23816,0x00000274F86D4280,DXGI,1,0,0,Composed: Flip,0,1,0,9.800068,14.332,16.588,16.603,33.274,82.811
TrivFlip12.exe,23816,0x00000274F86D4280,DXGI,1,0,0,Composed: Flip,0,1,0,9.817220,17.152,16.768,15.846,32.920,82.427
TrivFlip12.exe,23816,0x00000274F86D4280,DXGI,1,0,0,Composed: Flip,0,1,0,9.833573,16.353,16.609,16.334,33.351,82.683
TrivFlip12.exe,23816,0x00000274F86D4280,DXGI,1,0,0,Composed: Flip,0,1,0,9.850286,16.713,16.645,16.563,33.251,82.615
TrivFlip12.exe,23816,0x00000274F86D4280,DXGI,1,0,0,Composed: Flip,0,1,0,9.869491,19.205,16.727,14.137,30.730,80.138
TrivFlip12.exe,23816,0x00000274F86D4280,DXGI,1,0,0,Composed: Flip,0,1,0,9.884238,14.748,16.574,18.157,32.618,81.964
TrivFlip12.exe,23816,0x00000274F86D4280,DXGI,1,0,0,Composed: Flip,0,1,0,9.905636,21.398,16.700,11.156,27.928,77.267
TrivFlip12.exe,23816,0x00000274F86D4280,DXGI,1,0,0,Composed: Flip,0,1,0,9.919054,13.418,16.689,14.715,31.326,80.538
TrivFlip12.exe,23816,0x00000274F86D4280,DXGI,1,0,0,Composed: Flip,0,1,0,9.935208,16.154,16.691,14.799,31.535,81.075
TrivFlip12.exe,23816,0x00000274F86D4280,DXGI,1,0,0,Composed: Flip,0,1,0,9.952776,17.568,16.697,13.818,30.734,80.204
TrivFlip12.exe,23816,0x00000274F86D4280,DXGI,1,0,0,Composed: Flip,0,1,0,9.966932,14.156,16.650,16.231,33.200,82.698
TrivFlip12.exe,23816,0x00000274F86D4280,DXGI,1,0,0,Composed: Flip,0,1,0,9.983853,16.921,16.686,16.055,33.072,82.464
TrivFlip12.exe,23816,0x00000274F86D4280,DXGI,1,0,0,Composed: Flip,0,1,0,10.002017,18.165,16.728,14.606,31.534,81.027
TrivFlip12.exe,23816,0x00000274F86D4280,DXGI,1,0,0,Composed: Flip,0,1,0,10.018749,16.732,16.708,14.537,31.415,81.004
TrivFlip12.exe,23816,0x00000274F86D4280,DXGI,1,0,0,Composed: Flip,0,1,0,10.033712,14.963,16.603,16.218,33.122,82.644
TrivFlip12.exe,23816,0x00000274F86D4280,DXGI,1,0,0,Composed: Flip,0,1,0,10.050312,16.600,16.773,16.256,33.293,82.817
TrivFlip12.exe,23816,0x00000274F86D4280,DXGI,1,0,0,Composed: Flip,0,1,0,10.066925,16.612,16.615,16.499,33.419,82.820
TrivFlip12.exe,23816,0x00000274F86D4280,DXGI,1,0,0,Composed: Flip,0,1,0,10.083786,16.862,16.669,16.701,33.160,82.627
TrivFlip12.exe,23816,0x00000274F86D4280,DXGI,1,0,0,Composed: Flip,0,1,0,10.102880,19.094,16.761,13.819,30.921,80.294
TrivFlip12.exe,23816,0x00000274F86D4280,DXGI,1,0,0,Composed: Flip,0,1,0,10.117478,14.598,16.558,16.019,33.019,82.254
TrivFlip12.exe,23816,0x00000274F86D4280,DXGI,1,0,0,Composed: Flip,0,1,0,10.134169,16.691,16.691,16.435,32.902,82.254
TrivFlip12.exe,23816,0x00000274F86D4280,DXGI,1,0,0,Composed: Flip,0,1,0,10.150834,16.665,16.726,15.890,32.859,82.315
TrivFlip12.exe,23816,0x00000274F86D4280,DXGI,1,0,0,Composed: Flip,0,1,0,10.168181,17.347,16.691,15.555,32.125,81.659
TrivFlip12.exe,23816,0x00000274F86D4280,DXGI,1,0,0,Composed: Flip,0,1,0,10.184136,15.954,16.733,16.401,32.814,82.438
TrivFlip12.exe,23816,0x00000274F86D4280,DXGI,1,0,0,Composed: Flip,0,1,0,10.200838,16.702,16.671,15.860,33.045,82.406
TrivFlip12.exe,23816,0x00000274F86D4280,DXGI,1,0,0,Composed: Flip,0,1,0,10.217134,16.296,16.610,16.466,33.351,82.721
TrivFlip12.exe,23816,0x00000274F86D4280,DXGI,1,0,0,Composed: Flip,0,1,0,10.234653,17.519,16.652,15.500,32.611,81.853
TrivFlip12.exe,23816,0x00000274F86D4280,DXGI,1,0,0,Composed: Flip,0,1,0,10.250714,16.061,16.697,16.167,33.171,82.490
TrivFlip12.exe,23816,0x00000274F86D4280,DXGI,1,0,0,Composed: Flip,0,1,0,10.275395,24.681,16.755,8.463,25.115,74.564
TrivFlip12.exe,23816,0x00000274F86D4280,DXGI,1,0,0,Composed: Flip,0,1,0,10.285597,10.202,16.586,14.554,31.516,80.949
TrivFlip12.exe,23816,0x00000274F86D4280,DXGI,1,0,0,Composed: Flip,0,1,0,10.300928,15.331,16.755,15.844,32.880,82.373
TrivFlip12.exe,23816,0x00000274F86D4280,DXGI,1,0,0,Composed: Flip,0,1,0,10.317408,16.480,16.674,16.092,33.142,82.566
TrivFlip12.exe,23816,0x00000274F86D4280,DXGI,1,0,0,Composed: Flip,0,1,0,10.335999,18.591,16.627,14.671,31.058,80.602
TrivFlip12.exe,23816,0x00000274F86D4280,DXGI,1,0,0,Composed: Flip,0,1,0,10.351065,15.066,16.720,15.777,32.808,82.257
TrivFlip12.exe,23816,0x00000274F86D4280,DXGI,1,0,0,Composed: Flip,0,1,0,10.367507,16.442,16.731,16.101,33.070,82.546
TrivFlip12.exe,23816,0x00000274F86D4280,DXGI,1,0,0,Composed: Flip,0,1,0,10.384077,16.570,16.677,16.244,33.088,82.653
TrivFlip12.exe,23816,0x00000274F86D4280,DXGI,1,0,0,Composed: Flip,0,1,0,10.400702,16.624,16.656,16.199,33.224,82.684
TrivFlip12.exe,23816,0x00000274F86D4280,DXGI,1,0,0,Composed: Flip,0,1,0,10.417280,16.578,16.655,16.338,33.310,82.762
TrivFlip12.exe,23816,0x00000274F86D4280,DXGI,1,0,0,Composed: Flip,0,1,0,10.434428,17.149,16.706,15.934,33.009,82.319
TrivFlip12.exe,23816,0x00000274F86D4280,DXGI,1,0,0,Composed: Flip,0,1,0,10.450961,16.533,16.667,16.227,32.958,82.454
TrivFlip12.exe,23816,0x00000274F86D4280,DXGI,1,0,0,Composed: Flip,0,1,0,10.469686,18.725,16.763,14.130,30.825,80.491
TrivFlip12.exe,23816,0x00000274F86D4280,DXGI,1,0,0,Composed: Flip,0,1,0,10.485686,16.000,16.655,14.700,31.785,81.146
TrivFlip12.exe,23816,0x00000274F86D4280,DXGI,1,0,0,Composed: Flip,0,1,0,10.500745,15.059,16.559,17.039,33.256,82.646
TrivFlip12.exe,23816,0x00000274F86D4280,DXGI,1,0,0,Composed: Flip,0,1,0,10.531042,30.297,16.706,2.912,19.767,69.056
TrivFlip12.exe,23816,0x00000274F86D4280,DXGI,1,0,0,Composed: Flip,0,1,0,10.542199,11.157,16.674,8.650,25.342,74.573
TrivFlip12.exe,23816,0x00000274F86D4280,DXGI,1,0,0,Composed: Flip,0,1,0,10.552702,10.503,16.721,14.568,31.251,80.790
TrivFlip12.exe,23816,0x00000274F86D4280,DXGI,1,0,0,Composed: Flip,0,1,0,10.569274,16.572,16.688,14.382,31.336,80.906
TrivFlip12.exe,23816,0x00000274F86D4280,DXGI,1,0,0,Composed: Flip,0,1,0,10.585441,16.167,16.698,14.957,31.894,81.437
TrivFlip12.exe,23816,0x00000274F86D4280,DXGI,1,0,0,Composed: Flip,0,1,0,10.603385,17.944,16.710,13.659,30.776,80.203
TrivFlip12.exe,23816,0x00000274F86D4280,DXGI,1,0,0,Composed: Flip,0,1,0,10.620833,17.449,16.589,13.313,29.983,79.343
TrivFlip12.exe,23816,0x00000274F86D4280,DXGI,1,0,0,Composed: Flip,0,1,0,10.654030,33.197,16.672,0.257,13.433,62.819
TrivFlip12.exe,23816,0x00000274F86D4280,DXGI,1,0,0,Composed: Flip,0,1,0,10.654831,0.801,16.741,12.365,29.353,78.759
TrivFlip12.exe,23816,0x00000274F86D4280,DXGI,1,0,0,Composed: Flip,0,1,0,10.667886,13.055,16.635,16.006,32.820,82.339
TrivFlip12.exe,23816,0x00000274F86D4280,DXGI,1,0,0,Composed: Flip,0,1,0,10.684516,16.631,16.710,15.929,32.845,82.418
TrivFlip12.exe,23816,0x00000274F86D4280,DXGI,1,0,0,Composed: Flip,0,1,0,10.700828,16.312,16.563,16.281,33.341,82.670
TrivFlip12.exe,23816,0x00000274F86D4280,DXGI,1,0,0,Composed: Flip,0,1,0,10.717460,16.632,16.721,16.404,33.302,82.759
TrivFlip12.exe,23816,0x00000274F86D4280,DXGI,1,0,0,Composed: Flip,0,1,0,10.735115,17.655,16.727,15.384,32.463,81.831
TrivFlip12.exe,23816,0x00000274F86D4280,DXGI,1,0,0,Composed: Flip,0,1,0,10.751049,15.934,16.661,0.000,32.977,82.558
TrivFlip12.exe,23816,0x0000000000000000,Other,-1,0,0,Composed: Flip,0,1,0,10.800372,16.734,16.688,0.000,17.147,66.581
TrivFlip12.exe,23816,0x0000000000000000,Other,-1,0,0,Composed: Flip,0,1,0,10.817419,17.048,16.699,0.000,16.750,66.232
TrivFlip12.exe,23816,0x0000000000000000,Other,-1,0,0,Composed: Flip,0,1,0,10.834664,17.245,16.743,0.000,16.183,65.731
TrivFlip12.exe,23816,0x0000000000000000,Other,-1,0,0,Composed: Flip,0,1,0,10.850516,15.851,16.601,0.000,17.016,66.480
TrivFlip12.exe,23816,0x0000000000000000,Other,-1,0,0,Composed: Flip,0,1,0,10.867076,16.561,16.773,0.000,17.200,66.692
TrivFlip12.exe,23816,0x0000000000000000,Other,-1,0,0,Composed: Flip,0,1,0,10.883787,16.710,16.656,0.000,17.277,66.638
TrivFlip12.exe,23816,0x0000000000000000,Other,-1,0,0,Composed: Flip,0,1,0,10.901857,18.071,16.627,0.000,15.777,65.194
TrivFlip12.exe,23816,0x0000000000000000,Other,-1,0,0,Composed: Flip,0,1,0,10.917340,15.483,16.671,0.000,17.044,66.383
TrivFlip12.exe,23816,0x0000000000000000,Other,-1,0,0,Composed: Flip,0,1,0,10.934194,16.854,16.792,0.000,16.870,66.321
TrivFlip12.exe,23816,0x0000000000000000,Other,-1,0,0,Composed: Flip,0,1,0,10.950597,16.403,16.674,0.000,17.048,66.592
TrivFlip12.exe,23816,0x0000000000000000,Other,-1,0,0,Composed: Flip,0,1,0,10.967322,16.725,16.619,0.000,16.923,66.487
TrivFlip12.exe,23816,0x0000000000000000,Other,-1,0,0,Composed: Flip,0,1,0,10.987381,20.060,16.774,0.000,14.234,63.201
TrivFlip12.exe,23816,0x0000000000000000,Other,-1,0,0,Composed: Flip,0,1,0,11.004306,16.924,16.590,0.000,13.452,62.866
TrivFlip12.exe,23816,0x0000000000000000,Other,-1,0,0,Composed: Flip,0,1,0,11.018939,14.633,16.577,0.000,15.419,64.810
TrivFlip12.exe,23816,0x0000000000000000,Other,-1,0,0,Composed: Flip,0,1,0,11.036606,17.666,16.762,0.000,14.493,63.905
TrivFlip12.exe,23816,0x0000000000000000,Other,-1,0,0,Composed: Flip,0,1,0,11.051652,15.046,16.678,0.000,16.054,65.536
TrivFlip12.exe,23816,0x0000000000000000,Other,-1,0,0,Composed: Flip,0,1,0,11.067308,15.656,16.652,0.000,16.919,66.532
TrivFlip12.exe,23816,0x0000000000000000,Other,-1,0,0,Composed: Flip,0,1,0,11.083863,16.555,16.662,0.000,17.258,66.639
TrivFlip12.exe,23816,0x0000000000000000,Other,-1,0,0,Composed: Flip,0,1,0,11.100666,16.803,16.683,0.000,17.084,66.518
TrivFlip12.exe,23816,0x0000000000000000,Other,-1,0,0,Composed: Flip,0,1,0,11.117364,16.698,16.741,0.000,17.055,66.562
TrivFlip12.exe,23816,0x0000000000000000,Other,-1,0,0,Composed: Flip,0,1,0,11.134000,16.636,16.648,0.000,17.072,66.573
TrivFlip12.exe,23816,0x0000000000000000,Other,-1,0,0,Composed: Flip,0,1,0,11.150647,16.647,16.649,0.000,17.103,66.575
TrivFlip12.exe,23816,0x0000000000000000,Other,-1,0,0,Composed: Flip,0,1,0,11.167314,16.667,16.721,0.000,17.238,66.629
TrivFlip12.exe,23816,0x0000000000000000,Other,-1,0,0,Composed: Flip,0,1,0,11.184259,16.945,16.636,0.000,16.939,66.320
TrivFlip12.exe,23816,0x0000000000000000,Other,-1,0,0,Composed: Flip,0,1,0,11.201343,17.083,16.681,0.000,16.473,65.918
TrivFlip12.exe,23816,0x0000000000000000,Other,-1,0,0,Composed: Flip,0,1,0,11.217355,16.012,16.682,0.000,17.149,66.587
TrivFlip12.exe,23816,0x0000000000000000,Other,-1,0,0,Composed: Flip,0,1,0,11.234067,16.712,16.672,0.000,17.119,66.547
TrivFlip12.exe,23816,0x0000000000000000,Other,-1,0,0,Composed: Flip,0,1,0,11.250722,16.655,16.684,0.000,17.142,66.577
TrivFlip12.exe,23816,0x0000000000000000,Other,-1,0,0,Composed: Flip,0,1,0,11.267383,16.661,16.677,0.000,17.190,66.592
TrivFlip12.exe,23816,0x0000000000000000,Other,-1,0,0,Composed: Flip,0,1,0,11.284108,16.724,16.732,0.000,16.989,66.600
TrivFlip12.exe,23816,0x0000000000000000,Other,-1,0,0,Composed: Flip,0,1,0,11.300744,16.637,16.696,0.000,17.047,66.658
TrivFlip12.exe,23816,0x0000000000000000,Other,-1,0,0,Composed: Flip,0,1,0,11.317423,16.678,16.654,0.000,17.192,66.634
TrivFlip12.exe,23816,0x0000000000000000,Other,-1,0,0,Composed: Flip,0,1,0,11.334710,17.288,16.708,0.000,16.569,66.055
TrivFlip12.exe,23816,0x0000000000000000,Other,-1,0,0,Composed: Flip,0,1,0,11.350878,16.168,16.664,0.000,17.093,66.550
TrivFlip12.exe,23816,0x0000000000000000,Other,-1,0,0,Composed: Flip,0,1,0,11.367570,16.691,16.677,0.000,17.069,66.536
TrivFlip12.exe,23816,0x0000000000000000,Other,-1,0,0,Composed: Flip,0,1,0,11.384185,16.615,16.706,0.000,17.171,66.627
TrivFlip12.exe,23816,0x0000000000000000,Other,-1,0,0,Composed: Flip,0,1,0,11.400921,16.736,16.632,0.000,17.186,66.523
TrivFlip12.exe,23816,0x0000000000000000,Other,-1,0,0,Composed: Flip,0,1,0,11.417911,16.990,16.789,0.000,16.773,66.322
TrivFlip12.exe,23816,0x0000000000000000,Other,-1,0,0,Composed: Flip,0,1,0,11.434230,16.319,16.617,0.000,17.151,66.620
TrivFlip12.exe,23816,0x0000000000000000,Other,-1,0,0,Composed: Flip,0,1,0,11.451018,16.788,16.627,0.000,17.101,66.459
TrivFlip12.exe,23816,0x0000000000000000,Other,-1,0,0,Composed: Flip,0,1,0,11.467829,16.811,16.705,0.000,16.975,66.353
TrivFlip12.exe,23816,0x0000000000000000,Other,-1,0,0,Composed: Flip,0,1,0,11.484385,16.556,16.643,0.000,17.102,66.440
TrivFlip12.exe,23816,0x0000000000000000,Other,-1,0,0,Composed: Flip,0,1,0,11.500998,16.613,16.695,0.000,17.053,66.522
TrivFlip12.exe,23816,0x0000000000000000,Other,-1,0,0,Composed: Flip,0,1,0,11.517621,16.623,16.685,0.000,17.185,66.584
TrivFlip12.exe,23816,0x0000000000000000,Other,-1,0,0,Composed: Flip,0,1,0,11.534342,16.721,16.727,0.000,16.952,66.590
TrivFlip12.exe,23816,0x0000000000000000,Other,-1,0,0,Composed: Flip,0,1,0,11.550942,16.601,16.654,0.000,17.190,66.644
TrivFlip12.exe,23816,0x0000000000000000,Other,-1,0,0,Composed: Flip,0,1,0,11.567668,16.726,16.694,0.000,17.147,66.612
TrivFlip12.exe,23816,0x0000000000000000,Other,-1,0,0,Composed: Flip,0,1,0,11.584649,16.981,16.718,0.000,16.874,66.349
TrivFlip12.exe,23816,0x0000000000000000,Other,-1,0,0,Composed: Flip,0,1,0,11.601091,16.443,16.665,0.000,17.127,66.571
TrivFlip12.exe,23816,0x0000000000000000,Other,-1,0,0,Composed: Flip,0,1,0,11.617714,16.623,16.615,0.000,17.120,66.564
TrivFlip12.exe,23816,0x0000000000000000,Other,-1,0,0,Composed: Flip,0,1,0,11.634437,16.723,16.786,0.000,17.213,66.628
TrivFlip12.exe,23816,0x0000000000000000,Other,-1,0,0,Composed: Flip,0,1,0,11.651159,16.722,16.618,0.000,17.145,66.523
TrivFlip12.exe,23816,0x0000000000000000,Other,-1,0,0,Composed: Flip,0,1,0,11.668137,16.978,16.636,0.000,16.680,66.182
TrivFlip12.exe,23816,0x0000000000000000,Other,-1,0,0,Composed: Flip,0,1,0,11.684405,16.268,16.676,0.000,17.347,66.590
TrivFlip12.exe,23816,0x0000000000000000,Other,-1,0,0,Composed: Flip,0,1,0,11.702117,17.712,16.701,0.000,16.198,65.578
TrivFlip12.exe,23816,0x0000000000000000,Other,-1,0,0,Composed: Flip,0,1,0,11.717858,15.741,16.702,0.000,17.071,66.540
TrivFlip12.exe,23816,0x0000000000000000,Other,-1,0,0,Composed: Flip,0,1,0,11.734448,16.590,16.636,0.000,17.101,66.586
TrivFlip12.exe,23816,0x0000000000000000,Other,-1,0,0,Composed: Flip,0,1,0,11.751137,16.688,16.682,0.000,17.137,66.580
TrivFlip12.exe,23816,0x0000000000000000,Other,-1,0,0,Composed: Flip,0,1,0,11.767844,16.707,16.729,0.000,17.220,66.602
TrivFlip12.exe,23816,0x0000000000000000,Other,-1,0,0,Composed: Flip,0,1,0,11.784551,16.707,16.726,0.000,17.101,66.622
TrivFlip12.exe,23816,0x0000000000000000,Other,-1,0,0,Composed: Flip,0,1,0,11.801158,16.607,16.609,0.000,17.116,66.624
TrivFlip12.exe,23816,0x0000000000000000,Other,-1,0,0,Composed: Flip,0,1,0,11.817866,16.708,16.696,0.000,17.190,66.613
TrivFlip12.exe,23816,0x0000000000000000,Other,-1,0,0,Composed: Flip,0,1,0,11.835256,17.390,16.700,0.000,16.570,65.922
TrivFlip12.exe,23816,0x0000000000000000,Other,-1,0,0,Composed: Flip,0,1,0,11.851814,16.558,16.702,0.000,16.637,66.067
TrivFlip12.exe,23816,0x0000000000000000,Other,-1,0,0,Composed: Flip,0,1,0,11.867940,16.127,16.685,0.000,17.114,66.625
TrivFlip12.exe,23816,0x0000000000000000,Other,-1,0,0,Composed: Flip,0,1,0,11.884648,16.708,16.609,0.000,17.171,66.526
TrivFlip12.exe,23816,0x0000000000000000,Other,-1,0,0,Composed: Flip,0,1,0,11.901369,16.721,16.675,0.000,17.196,66.481
TrivFlip12.exe,23816,0x0000000000000000,Other,-1,0,0,Composed: Flip,0,1,0,11.918086,16.717,16.667,0.000,17.078,66.431
